Voting Method,0,1,2,3,4,5,6
Schulze,0.8035666666666668,0.8936833333333332,0.9564999999999998,0.9869500000000001,0.9974222222222223,1.0,1.0
Bucklin,0.77915,0.8427749999999999,0.8592916666666667,0.8882666666666666,0.9183666666666669,0.9617333333333332,1.0
Plurality With Runoff,0.82855,0.9128083333333334,0.9634333333333333,0.9876083333333335,0.9968111111111111,1.0,1.0
Coombs,0.7973916666666666,0.8902833333333335,0.9539,0.9848166666666667,0.9964888888888888,1.0,1.0
