Voting Method,0,1,2,3,4,5,6
Schulze,0.8365,0.9197500000000001,0.9701000000000001,0.9921416666666666,0.998188888888889,1.0,1.0
Bucklin,0.858825,0.9144333333333333,0.8913083333333333,0.9031083333333333,0.9307666666666667,0.9693999999999999,1.0
Plurality With Runoff,0.8667083333333335,0.9420916666666667,0.9782666666666665,0.9933666666666666,0.9979888888888888,1.0,1.0
Coombs,0.831675,0.9172916666666667,0.9676416666666667,0.990825,0.9975666666666666,1.0,1.0
