Voting Method,0,1,2,3,4,5,6
Schulze,0.8305714285714286,0.9195035714285715,0.9705571428571428,0.9921785714285714,0.998452380952381,1.0,1.0
Bucklin,0.8313107142857142,0.8931750000000002,0.8871285714285716,0.9059321428571431,0.9313428571428571,0.9690642857142857,1.0
Plurality With Runoff,0.8561357142857141,0.9363107142857142,0.9759035714285715,0.9925678571428572,0.998057142857143,1.0,1.0
Coombs,0.8255964285714287,0.9165392857142856,0.9683750000000001,0.9905428571428573,0.9978095238095238,1.0,1.0
