Voting Method,0,1,2,3,4,5,6
Schulze,0.8328916666666665,0.9162833333333333,0.9691500000000001,0.9913833333333333,0.9980444444444445,1.0,1.0
Bucklin,0.8455750000000001,0.9034083333333333,0.8891999999999999,0.9032166666666667,0.9294444444444445,0.96945,1.0
Plurality With Runoff,0.8617583333333334,0.9374083333333333,0.9762583333333333,0.9920333333333334,0.9976666666666668,1.0,1.0
Coombs,0.8282916666666665,0.9137749999999999,0.9674333333333333,0.9901416666666667,0.9976,1.0,1.0
